entity,vertex_name,vertex_id,vertex_central,edge_type,directed,entity2,vertex_name2,vertex_id2
geobounds,leftschema,vertex-lz3i,False,,False,geobounds,mergedschema,vertex-fepr
geo_ewkb,leftschema,vertex-lz3i,False,,False,geo_ewkb,mergedschema,vertex-fepr
fips_code,leftschema,vertex-lz3i,False,,False,fips_code,mergedschema,vertex-fepr
fips_muni_code,leftschema,vertex-lz3i,False,,,,,
fips_state_code,leftschema,vertex-lz3i,False,,,,,
parcel_apn,leftschema,vertex-lz3i,False,,False,parcel_apn,mergedschema,vertex-fepr
parcel_apn,leftschema,vertex-lz3i,False,,False,prop_apn,rightschema,vertex-9p8g
master_parcel_apn,leftschema,vertex-lz3i,False,,False,prop_apn,rightschema,vertex-9p8g
county,leftschema,vertex-lz3i,False,,,,,
taxapn,leftschema,vertex-lz3i,False,,False,prop_apn,rightschema,vertex-9p8g
taxapn_unf,leftschema,vertex-lz3i,False,,False,prop_apn,rightschema,vertex-9p8g
unique_taxapn,leftschema,vertex-lz3i,False,,False,prop_apn,rightschema,vertex-9p8g
alternate_taxapn,leftschema,vertex-lz3i,False,,False,prop_apn,rightschema,vertex-9p8g
dupe_taxapn_seq,leftschema,vertex-lz3i,False,,,,,
multi_taxapn_flag,leftschema,vertex-lz3i,False,,,,,
site_addr,leftschema,vertex-lz3i,False,,,,,
site_house_number,leftschema,vertex-lz3i,False,,,,,
site_direction,leftschema,vertex-lz3i,False,,,,,
site_street_name,leftschema,vertex-lz3i,False,,,,,
site_mode,leftschema,vertex-lz3i,False,,,,,
site_carrier_code,leftschema,vertex-lz3i,False,,,,,
site_quadrant,leftschema,vertex-lz3i,False,,,,,
site_unit_prefix,leftschema,vertex-lz3i,False,,,,,
site_unit_number,leftschema,vertex-lz3i,False,,,,,
site_city,leftschema,vertex-lz3i,False,,,,,
site_state,leftschema,vertex-lz3i,False,,,,,
site_zip,leftschema,vertex-lz3i,False,,,,,
site_plus_4,leftschema,vertex-lz3i,False,,,,,
_x_coord,leftschema,vertex-lz3i,False,,,,,
_y_coord,leftschema,vertex-lz3i,False,,,,,
geometry_source,leftschema,vertex-lz3i,False,,,,,
addr_score,leftschema,vertex-lz3i,False,,,,,
township,leftschema,vertex-lz3i,False,,False,township,mergedschema,vertex-fepr
range,leftschema,vertex-lz3i,False,,,,,
section,leftschema,vertex-lz3i,False,,,,,
census_tract,leftschema,vertex-lz3i,False,,,,,
census_block_group,leftschema,vertex-lz3i,False,,,,,
block_number,leftschema,vertex-lz3i,False,,,,,
owner_name,leftschema,vertex-lz3i,False,,,,,
owner_name_1,leftschema,vertex-lz3i,False,,False,owner_name_1,mergedschema,vertex-fepr
owner_name_2,leftschema,vertex-lz3i,False,,False,owner_name_2,mergedschema,vertex-fepr
owner_1_first,leftschema,vertex-lz3i,False,,,,,
owner_1_last,leftschema,vertex-lz3i,False,,,,,
owner_1_mid,leftschema,vertex-lz3i,False,,,,,
owner_2_first,leftschema,vertex-lz3i,False,,,,,
owner_2_last,leftschema,vertex-lz3i,False,,,,,
owner_2_mid,leftschema,vertex-lz3i,False,,,,,
mail_addr,leftschema,vertex-lz3i,False,,,,,
mail_house_number,leftschema,vertex-lz3i,False,,,,,
mail_house_number_suffix,leftschema,vertex-lz3i,False,,,,,
mail_direction,leftschema,vertex-lz3i,False,,,,,
mail_street_name,leftschema,vertex-lz3i,False,,,,,
mail_mode,leftschema,vertex-lz3i,False,,,,,
mail_quadrant,leftschema,vertex-lz3i,False,,,,,
mail_crrt,leftschema,vertex-lz3i,False,,,,,
mail_city,leftschema,vertex-lz3i,False,,,,,
mail_state,leftschema,vertex-lz3i,False,,,,,
mail_zip,leftschema,vertex-lz3i,False,,,,,
mail_plus_4,leftschema,vertex-lz3i,False,,,,,
mail_unit_prefix,leftschema,vertex-lz3i,False,,,,,
mail_unit_number,leftschema,vertex-lz3i,False,,,,,
mail_care_of_name,leftschema,vertex-lz3i,False,,,,,
owner_occupied,leftschema,vertex-lz3i,False,,,,,
owner_src_code,leftschema,vertex-lz3i,False,,,,,
use_code_muni_desc,leftschema,vertex-lz3i,False,,,,,
use_code_muni,leftschema,vertex-lz3i,False,,,,,
use_code_std_lps,leftschema,vertex-lz3i,False,,,,,
use_code_std_desc_lps,leftschema,vertex-lz3i,False,,,,,
use_code_std_ctgr_desc_lps,leftschema,vertex-lz3i,False,,,,,
use_code_std_ctgr_lps,leftschema,vertex-lz3i,False,,,,,
assessee_owner_name_1,leftschema,vertex-lz3i,False,,,,,
assessee_owner_name_2,leftschema,vertex-lz3i,False,,,,,
assessee_owner_vesting_code,leftschema,vertex-lz3i,False,,,,,
assessee_owner_vesting_code_desc,leftschema,vertex-lz3i,False,,,,,
tax_acct_nbr,leftschema,vertex-lz3i,False,,,,,
asmt_mail_care_of_name,leftschema,vertex-lz3i,False,,,,,
asmt_mail_house_number,leftschema,vertex-lz3i,False,,,,,
asmt_mail_direction,leftschema,vertex-lz3i,False,,,,,
asmt_mail_street_name,leftschema,vertex-lz3i,False,,,,,
asmt_mail_mode,leftschema,vertex-lz3i,False,,,,,
asmt_mail_quadrant,leftschema,vertex-lz3i,False,,,,,
assessee_mail_addr,leftschema,vertex-lz3i,False,,,,,
assessee_mail_city,leftschema,vertex-lz3i,False,,,,,
assessee_mail_state,leftschema,vertex-lz3i,False,,,,,
assessee_mail_zip,leftschema,vertex-lz3i,False,,,,,
assessee_mail_zip4,leftschema,vertex-lz3i,False,,,,,
assessee_mail_unit_prefix,leftschema,vertex-lz3i,False,,,,,
assessee_mail_unit_number,leftschema,vertex-lz3i,False,,,,,
asmt_mail_carrier_code,leftschema,vertex-lz3i,False,,,,,
asmt_owner_occupied,leftschema,vertex-lz3i,False,,,,,
val_assd_land,leftschema,vertex-lz3i,False,,,,,
val_assd_imprv,leftschema,vertex-lz3i,False,,,,,
val_assd,leftschema,vertex-lz3i,False,,,,,
asmt_year,leftschema,vertex-lz3i,False,,,,,
ca_home_owners_exempt,leftschema,vertex-lz3i,False,,,,,
tax_exempt_codes,leftschema,vertex-lz3i,False,,,,,
tax_exempt_codes_desc,leftschema,vertex-lz3i,False,,,,,
tax_rate_code_area,leftschema,vertex-lz3i,False,,,,,
tax_src_code,leftschema,vertex-lz3i,False,,,,,
tax_amount,leftschema,vertex-lz3i,False,,,,,
tax_year,leftschema,vertex-lz3i,False,,,,,
tax_year_delinq,leftschema,vertex-lz3i,False,,,,,
asmt_lndr_name,leftschema,vertex-lz3i,False,,,,,
asmt_rcdrs_book,leftschema,vertex-lz3i,False,,,,,
asmt_rcdrs_doc_number,leftschema,vertex-lz3i,False,,,,,
asmt_rcdrs_page,leftschema,vertex-lz3i,False,,,,,
asmt_rcdrs_date_transfer,leftschema,vertex-lz3i,False,,,,,
asmt_doc_type,leftschema,vertex-lz3i,False,,,,,
aggr_acreage,leftschema,vertex-lz3i,False,,,,,
asmt_version_id,leftschema,vertex-lz3i,False,,,,,
aggr_group,leftschema,vertex-lz3i,False,,,,,
aggr_lot_count,leftschema,vertex-lz3i,False,,,,,
aggr_lot_width_median,leftschema,vertex-lz3i,False,,,,,
asmt_val_transfer,leftschema,vertex-lz3i,False,,,,,
asmt_sale_code,leftschema,vertex-lz3i,False,,,,,
asmt_sale_code_desc,leftschema,vertex-lz3i,False,,,,,
asmt_prior_sale_date_transfer,leftschema,vertex-lz3i,False,,,,,
asmt_prior_sale_val_transfer,leftschema,vertex-lz3i,False,,,,,
asmt_prior_sale_sale_code,leftschema,vertex-lz3i,False,,,,,
legal_full,leftschema,vertex-lz3i,False,,,,,
legal_1,leftschema,vertex-lz3i,False,,,,,
lot_code,leftschema,vertex-lz3i,False,,,,,
lot_number,leftschema,vertex-lz3i,False,,,,,
land_lot,leftschema,vertex-lz3i,False,,,,,
city_section,leftschema,vertex-lz3i,False,,,,,
district,leftschema,vertex-lz3i,False,,,,,
legal_unit,leftschema,vertex-lz3i,False,,,,,
zoning,leftschema,vertex-lz3i,False,,,,,
municipality,leftschema,vertex-lz3i,False,,,,,
subdivision,leftschema,vertex-lz3i,False,,,,,
phase_nbr,leftschema,vertex-lz3i,False,,,,,
tract_number,leftschema,vertex-lz3i,False,,,,,
legal_sec_twp_rng,leftschema,vertex-lz3i,False,,,,,
assr_map_ref,leftschema,vertex-lz3i,False,,,,,
lot_size_area,leftschema,vertex-lz3i,False,,,,,
lot_size_area_unit,leftschema,vertex-lz3i,False,,,,,
lot_size_area_orgn,leftschema,vertex-lz3i,False,,,,,
yr_blt,leftschema,vertex-lz3i,False,,,,,
bldg_number,leftschema,vertex-lz3i,False,,,,,
building_sqft,leftschema,vertex-lz3i,False,,,,,
stories_number,leftschema,vertex-lz3i,False,,,,,
stories_number_desc,leftschema,vertex-lz3i,False,,,,,
total_rooms,leftschema,vertex-lz3i,False,,,,,
units_number,leftschema,vertex-lz3i,False,,,,,
bedrooms,leftschema,vertex-lz3i,False,,,,,
total_baths,leftschema,vertex-lz3i,False,,,,,
total_baths_calculated,leftschema,vertex-lz3i,False,,,,,
partial_baths,leftschema,vertex-lz3i,False,,,,,
garage_carport_type,leftschema,vertex-lz3i,False,,,,,
garage_code_desc,leftschema,vertex-lz3i,False,,,,,
parking_spaces,leftschema,vertex-lz3i,False,,,,,
pool_indicator,leftschema,vertex-lz3i,False,,,,,
pool_indicator_desc,leftschema,vertex-lz3i,False,,,,,
val_mrkt_land,leftschema,vertex-lz3i,False,,,,,
val_mrkt_imprv,leftschema,vertex-lz3i,False,,,,,
val_market,leftschema,vertex-lz3i,False,,,,,
yr_mrkt_val,leftschema,vertex-lz3i,False,,,,,
buyer_name,leftschema,vertex-lz3i,False,,,,,
bldg_class,leftschema,vertex-lz3i,False,,,,,
bldg_class_desc,leftschema,vertex-lz3i,False,,,,,
style_type,leftschema,vertex-lz3i,False,,,,,
style_desc,leftschema,vertex-lz3i,False,,,,,
construction_code,leftschema,vertex-lz3i,False,,,,,
construction_code_desc,leftschema,vertex-lz3i,False,,,,,
exterior_wall_type,leftschema,vertex-lz3i,False,,,,,
exterior_wall_desc,leftschema,vertex-lz3i,False,,,,,
foundation_type,leftschema,vertex-lz3i,False,,,,,
foundation_type_desc,leftschema,vertex-lz3i,False,,,,,
roof_cover_type,leftschema,vertex-lz3i,False,,,,,
roof_cover_desc,leftschema,vertex-lz3i,False,,,,,
heating_type,leftschema,vertex-lz3i,False,,,,,
heating_desc,leftschema,vertex-lz3i,False,,,,,
air_conditioning,leftschema,vertex-lz3i,False,,,,,
air_conditioning_type_desc,leftschema,vertex-lz3i,False,,,,,
elect_avail_code,leftschema,vertex-lz3i,False,,,,,
elect_avail_code_desc,leftschema,vertex-lz3i,False,,,,,
fireplace_type,leftschema,vertex-lz3i,False,,,,,
bsmt_1_code,leftschema,vertex-lz3i,False,,,,,
basement_finish_desc,leftschema,vertex-lz3i,False,,,,,
acreage,leftschema,vertex-lz3i,False,,,,,
cal_acreage,leftschema,vertex-lz3i,False,,,,,
price_per_sqft,leftschema,vertex-lz3i,False,,,,,
price_per_acre,leftschema,vertex-lz3i,False,,,,,
land_per_sqft,leftschema,vertex-lz3i,False,,,,,
land_sqft,leftschema,vertex-lz3i,False,,,,,
cal_sqft,leftschema,vertex-lz3i,False,,,,,
imprv_pct,leftschema,vertex-lz3i,False,,,,,
imprv_per_sqft,leftschema,vertex-lz3i,False,,,,,
last_sale_date_transfer,leftschema,vertex-lz3i,False,,,,,
last_sale_doc_number,leftschema,vertex-lz3i,False,,,,,
last_sale_doc_type,leftschema,vertex-lz3i,False,,,,,
last_sale_doc_type_desc,leftschema,vertex-lz3i,False,,,,,
last_sale_sale_code,leftschema,vertex-lz3i,False,,,,,
last_sale_sale_code_desc,leftschema,vertex-lz3i,False,,,,,
last_sale_seller_name,leftschema,vertex-lz3i,False,,,,,
last_sale_seller_1_first_mid,leftschema,vertex-lz3i,False,,,,,
last_sale_seller_1_last,leftschema,vertex-lz3i,False,,,,,
last_sale_seller_1_code,leftschema,vertex-lz3i,False,,,,,
last_sale_seller_1_code_desc,leftschema,vertex-lz3i,False,,,,,
last_sale_seller_2_first_mid,leftschema,vertex-lz3i,False,,,,,
last_sale_seller_2_last,leftschema,vertex-lz3i,False,,,,,
last_sale_buyer_name,leftschema,vertex-lz3i,False,,,,,
last_sale_buyer_1_code,leftschema,vertex-lz3i,False,,,,,
last_sale_buyer_1_code_desc,leftschema,vertex-lz3i,False,,,,,
last_sale_buyer_1_first_mid,leftschema,vertex-lz3i,False,,,,,
last_sale_buyer_1_last,leftschema,vertex-lz3i,False,,,,,
ownership_status_code,leftschema,vertex-lz3i,False,,,,,
ownership_status_desc,leftschema,vertex-lz3i,False,,,,,
last_sale_buyer_2_first_mid,leftschema,vertex-lz3i,False,,,,,
last_sale_buyer_2_last,leftschema,vertex-lz3i,False,,,,,
last_sale_buyer_2_code,leftschema,vertex-lz3i,False,,,,,
last_sale_buyer_2_code_desc,leftschema,vertex-lz3i,False,,,,,
last_sale_owner_occupied,leftschema,vertex-lz3i,False,,,,,
last_sale_page,leftschema,vertex-lz3i,False,,,,,
last_sale_vesting_code,leftschema,vertex-lz3i,False,,,,,
last_sale_vesting_code_desc,leftschema,vertex-lz3i,False,,,,,
prior_market_sale_date_transfer,leftschema,vertex-lz3i,False,,,,,
prior_market_sale_val_transfer,leftschema,vertex-lz3i,False,,,,,
date_assr_tape_cut,leftschema,vertex-lz3i,False,,,,,
last_sale_val_transfer,leftschema,vertex-lz3i,False,,,,,
last_mrkt_sale_src_code,leftschema,vertex-lz3i,False,,,,,
last_sale_book,leftschema,vertex-lz3i,False,,,,,
date_transfer,leftschema,vertex-lz3i,False,,,,,
doc_type_lps,leftschema,vertex-lz3i,False,,,,,
doc_type_desc_lps,leftschema,vertex-lz3i,False,,,,,
val_transfer,leftschema,vertex-lz3i,False,,,,,
sale_code,leftschema,vertex-lz3i,False,,,,,
sale_code_desc,leftschema,vertex-lz3i,False,,,,,
mult_port_code,leftschema,vertex-lz3i,False,,,,,
seller_name,leftschema,vertex-lz3i,False,,,,,
last_market_sale_seller_name,leftschema,vertex-lz3i,False,,,,,
last_market_sale_seller_1_first_mid,leftschema,vertex-lz3i,False,,,,,
last_market_sale_seller_1_last,leftschema,vertex-lz3i,False,,,,,
last_market_sale_seller_1_code,leftschema,vertex-lz3i,False,,,,,
last_market_sale_seller_1_code_desc,leftschema,vertex-lz3i,False,,,,,
last_market_sale_seller_2_first_mid,leftschema,vertex-lz3i,False,,,,,
last_market_sale_seller_2_last,leftschema,vertex-lz3i,False,,,,,
last_market_sale_buyer_name,leftschema,vertex-lz3i,False,,,,,
last_market_sale_buyer_1_first_mid,leftschema,vertex-lz3i,False,,,,,
last_market_sale_buyer_1_last,leftschema,vertex-lz3i,False,,,,,
last_market_sale_book,leftschema,vertex-lz3i,False,,,,,
last_market_sale_buyer_1_code,leftschema,vertex-lz3i,False,,,,,
last_market_sale_buyer_1_code_desc,leftschema,vertex-lz3i,False,,,,,
last_market_sale_buyer_2_first_mid,leftschema,vertex-lz3i,False,,,,,
last_market_sale_buyer_2_last,leftschema,vertex-lz3i,False,,,,,
last_market_sale_buyer_2_code,leftschema,vertex-lz3i,False,,,,,
last_market_sale_buyer_2_code_desc,leftschema,vertex-lz3i,False,,,,,
last_market_sale_rcdrs_map_ref,leftschema,vertex-lz3i,False,,,,,
last_market_sale_page,leftschema,vertex-lz3i,False,,,,,
last_market_sale_loan_due_date,leftschema,vertex-lz3i,False,,,,,
doc_number,leftschema,vertex-lz3i,False,,,,,
doc_number_noval,leftschema,vertex-lz3i,False,,,,,
td_doc_number_1,leftschema,vertex-lz3i,False,,,,,
lender_code_1,leftschema,vertex-lz3i,False,,,,,
lender_code_1_desc,leftschema,vertex-lz3i,False,,,,,
title_company_name,leftschema,vertex-lz3i,False,,,,,
lndr_first_name_1,leftschema,vertex-lz3i,False,,,,,
company_flag,leftschema,vertex-lz3i,False,,,,,
associate_property_count,leftschema,vertex-lz3i,False,,,,,
loan_value_1,leftschema,vertex-lz3i,False,,,,,
loan_value_2,leftschema,vertex-lz3i,False,,,,,
loan_type_1,leftschema,vertex-lz3i,False,,,,,
loan_type_1_desc,leftschema,vertex-lz3i,False,,,,,
int_rate_type_1,leftschema,vertex-lz3i,False,,,,,
int_rate_1_desc,leftschema,vertex-lz3i,False,,,,,
int_rate_1,leftschema,vertex-lz3i,False,,,,,
loan_due_date_1,leftschema,vertex-lz3i,False,,,,,
last_market_sale_buyer_vesting_code,leftschema,vertex-lz3i,False,,,,,
last_market_sale_buyer_vesting_code_desc,leftschema,vertex-lz3i,False,,,,,
tran_type,leftschema,vertex-lz3i,False,,,,,
tran_type_desc,leftschema,vertex-lz3i,False,,,,,
prior_market_sale_source,leftschema,vertex-lz3i,False,,,,,
prior_market_sale_book,leftschema,vertex-lz3i,False,,,,,
prior_market_sale_doc_number,leftschema,vertex-lz3i,False,,,,,
prior_market_sale_doc_type,leftschema,vertex-lz3i,False,,,,,
prior_market_sale_doc_type_desc,leftschema,vertex-lz3i,False,,,,,
prior_sale_date_transfer,leftschema,vertex-lz3i,False,,,,,
prior_sale_doc_type,leftschema,vertex-lz3i,False,,,,,
prior_sale_doc_type_desc,leftschema,vertex-lz3i,False,,,,,
prior_sale_doc_number,leftschema,vertex-lz3i,False,,,,,
last_market_sale_source,leftschema,vertex-lz3i,False,,,,,
prior_sale_book,leftschema,vertex-lz3i,False,,,,,
prior_market_sale_lndr_name,leftschema,vertex-lz3i,False,,,,,
prior_sale_page,leftschema,vertex-lz3i,False,,,,,
prior_market_sale_loan_due_date,leftschema,vertex-lz3i,False,,,,,
prior_sale_val_transfer,leftschema,vertex-lz3i,False,,,,,
prior_sale_sale_code,leftschema,vertex-lz3i,False,,,,,
prior_sale_sale_code_desc,leftschema,vertex-lz3i,False,,,,,
prior_market_sale_seller_1_first_mid,leftschema,vertex-lz3i,False,,,,,
prior_market_sale_seller_1_last,leftschema,vertex-lz3i,False,,,,,
prior_market_sale_seller_1_code,leftschema,vertex-lz3i,False,,,,,
prior_market_sale_seller_1_code_desc,leftschema,vertex-lz3i,False,,,,,
prior_market_sale_seller_2_first_mid,leftschema,vertex-lz3i,False,,,,,
prior_market_sale_seller_2_last,leftschema,vertex-lz3i,False,,,,,
prior_market_sale_buyer_1_first_mid,leftschema,vertex-lz3i,False,,,,,
prior_market_sale_buyer_1_last,leftschema,vertex-lz3i,False,,,,,
prior_market_sale_buyer_1_code,leftschema,vertex-lz3i,False,,,,,
prior_market_sale_buyer_1_code_desc,leftschema,vertex-lz3i,False,,,,,
prior_market_sale_buyer_2_first_mid,leftschema,vertex-lz3i,False,,,,,
prior_market_sale_buyer_2_last,leftschema,vertex-lz3i,False,,,,,
prior_market_sale_buyer_2_code,leftschema,vertex-lz3i,False,,,,,
prior_market_sale_buyer_2_code_desc,leftschema,vertex-lz3i,False,,,,,
prior_market_sale_page,leftschema,vertex-lz3i,False,,,,,
prior_market_sale_rcdrs_map_ref,leftschema,vertex-lz3i,False,,,,,
no_val_date_transfer,leftschema,vertex-lz3i,False,,,,,
date_noval_transfer,leftschema,vertex-lz3i,False,,,,,
doc_type_noval,leftschema,vertex-lz3i,False,,,,,
book_noval_transfer,leftschema,vertex-lz3i,False,,,,,
doc_type_noval_desc,leftschema,vertex-lz3i,False,,,,,
page_noval_transfer,leftschema,vertex-lz3i,False,,,,,
assessee_owner_1_indicator,leftschema,vertex-lz3i,False,,,,,
assessee_owner_2_indicator,leftschema,vertex-lz3i,False,,,,,
asmt_mail_care_of_name_indicator,leftschema,vertex-lz3i,False,,,,,
assessee_owner_1_name_type,leftschema,vertex-lz3i,False,,,,,
assessee_owner_2_name_type,leftschema,vertex-lz3i,False,,,,,
asmt_mail_care_of_name_type,leftschema,vertex-lz3i,False,,,,,
date_cert,leftschema,vertex-lz3i,False,,,,,
assr_sqft,leftschema,vertex-lz3i,False,,,,,
yr_blt_effect,leftschema,vertex-lz3i,False,,,,,
assr_acreage,leftschema,vertex-lz3i,False,,,,,
topography,leftschema,vertex-lz3i,False,,,,,
topography_desc,leftschema,vertex-lz3i,False,,,,,
lot_width,leftschema,vertex-lz3i,False,,,,,
lot_depth,leftschema,vertex-lz3i,False,,,,,
cbsa_code,leftschema,vertex-lz3i,False,,,,,
avm_value,leftschema,vertex-lz3i,False,,,,,
property_id,leftschema,vertex-lz3i,False,,,,,
location_id,leftschema,vertex-lz3i,False,,,,,
address_id,leftschema,vertex-lz3i,False,,,,,
property_dmp_id,leftschema,vertex-lz3i,False,,,,,
parcel_dmp_id,leftschema,vertex-lz3i,False,,,,,
geobounds,mergedschema,vertex-fepr,False,,False,geobounds,mergedschema,vertex-fepr
geo_ewkb,mergedschema,vertex-fepr,False,,False,geo_ewkb,mergedschema,vertex-fepr
fips_code,mergedschema,vertex-fepr,False,,False,fips_code,mergedschema,vertex-fepr
fips_code,mergedschema,vertex-fepr,False,,False,fips_code,mergedschema,vertex-fepr
fips_muni_code,mergedschema,vertex-fepr,False,,,,,
fips_state_code,mergedschema,vertex-fepr,False,,,,,
parcel_apn,mergedschema,vertex-fepr,False,,False,parcel_apn,mergedschema,vertex-fepr
parcel_apn,mergedschema,vertex-fepr,False,,False,parcel_apn,mergedschema,vertex-fepr
master_parcel_apn,mergedschema,vertex-fepr,False,,,,,
county,mergedschema,vertex-fepr,False,,,,,
taxapn,mergedschema,vertex-fepr,False,,,,,
taxapn_unf,mergedschema,vertex-fepr,False,,,,,
unique_taxapn,mergedschema,vertex-fepr,False,,,,,
alternate_taxapn,mergedschema,vertex-fepr,False,,,,,
dupe_taxapn_seq,mergedschema,vertex-fepr,False,,,,,
multi_taxapn_flag,mergedschema,vertex-fepr,False,,,,,
site_addr,mergedschema,vertex-fepr,False,,,,,
site_house_number,mergedschema,vertex-fepr,False,,,,,
site_direction,mergedschema,vertex-fepr,False,,,,,
site_street_name,mergedschema,vertex-fepr,False,,,,,
site_mode,mergedschema,vertex-fepr,False,,,,,
site_carrier_code,mergedschema,vertex-fepr,False,,,,,
site_quadrant,mergedschema,vertex-fepr,False,,,,,
site_unit_prefix,mergedschema,vertex-fepr,False,,,,,
site_unit_number,mergedschema,vertex-fepr,False,,,,,
site_city,mergedschema,vertex-fepr,False,,,,,
site_state,mergedschema,vertex-fepr,False,,,,,
site_zip,mergedschema,vertex-fepr,False,,,,,
site_plus_4,mergedschema,vertex-fepr,False,,,,,
_x_coord,mergedschema,vertex-fepr,False,,,,,
_y_coord,mergedschema,vertex-fepr,False,,,,,
geometry_source,mergedschema,vertex-fepr,False,,,,,
addr_score,mergedschema,vertex-fepr,False,,,,,
township,mergedschema,vertex-fepr,False,,False,township,mergedschema,vertex-fepr
township,mergedschema,vertex-fepr,False,,False,township,mergedschema,vertex-fepr
range,mergedschema,vertex-fepr,False,,,,,
section,mergedschema,vertex-fepr,False,,,,,
census_tract,mergedschema,vertex-fepr,False,,,,,
census_block_group,mergedschema,vertex-fepr,False,,,,,
block_number,mergedschema,vertex-fepr,False,,,,,
owner_name,mergedschema,vertex-fepr,False,,,,,
owner_name_1,mergedschema,vertex-fepr,False,,False,owner_name_1,mergedschema,vertex-fepr
owner_name_1,mergedschema,vertex-fepr,False,,False,owner_name_1,mergedschema,vertex-fepr
owner_name_1,mergedschema,vertex-fepr,False,,False,owner_name_1,mergedschema,vertex-fepr
owner_name_1,mergedschema,vertex-fepr,False,,False,owner_name_1,mergedschema,vertex-fepr
owner_name_2,mergedschema,vertex-fepr,False,,False,owner_name_2,mergedschema,vertex-fepr
owner_name_2,mergedschema,vertex-fepr,False,,False,owner_name_2,mergedschema,vertex-fepr
owner_name_2,mergedschema,vertex-fepr,False,,False,owner_name_2,mergedschema,vertex-fepr
owner_name_2,mergedschema,vertex-fepr,False,,False,owner_name_2,mergedschema,vertex-fepr
owner_1_first,mergedschema,vertex-fepr,False,,,,,
owner_1_last,mergedschema,vertex-fepr,False,,,,,
owner_1_mid,mergedschema,vertex-fepr,False,,,,,
owner_2_first,mergedschema,vertex-fepr,False,,,,,
owner_2_last,mergedschema,vertex-fepr,False,,,,,
owner_2_mid,mergedschema,vertex-fepr,False,,,,,
mail_addr,mergedschema,vertex-fepr,False,,,,,
mail_house_number,mergedschema,vertex-fepr,False,,,,,
mail_house_number_suffix,mergedschema,vertex-fepr,False,,,,,
mail_direction,mergedschema,vertex-fepr,False,,,,,
mail_street_name,mergedschema,vertex-fepr,False,,,,,
mail_mode,mergedschema,vertex-fepr,False,,,,,
mail_quadrant,mergedschema,vertex-fepr,False,,,,,
mail_crrt,mergedschema,vertex-fepr,False,,,,,
mail_city,mergedschema,vertex-fepr,False,,,,,
mail_state,mergedschema,vertex-fepr,False,,,,,
mail_zip,mergedschema,vertex-fepr,False,,,,,
mail_plus_4,mergedschema,vertex-fepr,False,,,,,
mail_unit_prefix,mergedschema,vertex-fepr,False,,,,,
mail_unit_number,mergedschema,vertex-fepr,False,,,,,
mail_care_of_name,mergedschema,vertex-fepr,False,,,,,
owner_occupied,mergedschema,vertex-fepr,False,,,,,
owner_src_code,mergedschema,vertex-fepr,False,,,,,
use_code_muni_desc,mergedschema,vertex-fepr,False,,,,,
use_code_muni,mergedschema,vertex-fepr,False,,,,,
use_code_std_lps,mergedschema,vertex-fepr,False,,,,,
use_code_std_desc_lps,mergedschema,vertex-fepr,False,,,,,
use_code_std_ctgr_desc_lps,mergedschema,vertex-fepr,False,,,,,
use_code_std_ctgr_lps,mergedschema,vertex-fepr,False,,,,,
assessee_owner_name_1,mergedschema,vertex-fepr,False,,,,,
assessee_owner_name_2,mergedschema,vertex-fepr,False,,,,,
assessee_owner_vesting_code,mergedschema,vertex-fepr,False,,,,,
assessee_owner_vesting_code_desc,mergedschema,vertex-fepr,False,,,,,
tax_acct_nbr,mergedschema,vertex-fepr,False,,,,,
asmt_mail_care_of_name,mergedschema,vertex-fepr,False,,,,,
asmt_mail_house_number,mergedschema,vertex-fepr,False,,,,,
asmt_mail_direction,mergedschema,vertex-fepr,False,,,,,
asmt_mail_street_name,mergedschema,vertex-fepr,False,,,,,
asmt_mail_mode,mergedschema,vertex-fepr,False,,,,,
asmt_mail_quadrant,mergedschema,vertex-fepr,False,,,,,
assessee_mail_addr,mergedschema,vertex-fepr,False,,,,,
assessee_mail_city,mergedschema,vertex-fepr,False,,,,,
assessee_mail_state,mergedschema,vertex-fepr,False,,,,,
assessee_mail_zip,mergedschema,vertex-fepr,False,,,,,
assessee_mail_zip4,mergedschema,vertex-fepr,False,,,,,
assessee_mail_unit_prefix,mergedschema,vertex-fepr,False,,,,,
assessee_mail_unit_number,mergedschema,vertex-fepr,False,,,,,
asmt_mail_carrier_code,mergedschema,vertex-fepr,False,,,,,
asmt_owner_occupied,mergedschema,vertex-fepr,False,,,,,
val_assd_land,mergedschema,vertex-fepr,False,,,,,
val_assd_imprv,mergedschema,vertex-fepr,False,,,,,
val_assd,mergedschema,vertex-fepr,False,,,,,
asmt_year,mergedschema,vertex-fepr,False,,,,,
ca_home_owners_exempt,mergedschema,vertex-fepr,False,,,,,
tax_exempt_codes,mergedschema,vertex-fepr,False,,,,,
tax_exempt_codes_desc,mergedschema,vertex-fepr,False,,,,,
tax_rate_code_area,mergedschema,vertex-fepr,False,,,,,
tax_src_code,mergedschema,vertex-fepr,False,,,,,
tax_amount,mergedschema,vertex-fepr,False,,,,,
tax_year,mergedschema,vertex-fepr,False,,,,,
tax_year_delinq,mergedschema,vertex-fepr,False,,,,,
asmt_lndr_name,mergedschema,vertex-fepr,False,,,,,
asmt_rcdrs_book,mergedschema,vertex-fepr,False,,,,,
asmt_rcdrs_doc_number,mergedschema,vertex-fepr,False,,,,,
asmt_rcdrs_page,mergedschema,vertex-fepr,False,,,,,
asmt_rcdrs_date_transfer,mergedschema,vertex-fepr,False,,,,,
asmt_doc_type,mergedschema,vertex-fepr,False,,,,,
aggr_acreage,mergedschema,vertex-fepr,False,,,,,
asmt_version_id,mergedschema,vertex-fepr,False,,,,,
aggr_group,mergedschema,vertex-fepr,False,,,,,
aggr_lot_count,mergedschema,vertex-fepr,False,,,,,
aggr_lot_width_median,mergedschema,vertex-fepr,False,,,,,
asmt_val_transfer,mergedschema,vertex-fepr,False,,,,,
asmt_sale_code,mergedschema,vertex-fepr,False,,,,,
asmt_sale_code_desc,mergedschema,vertex-fepr,False,,,,,
asmt_prior_sale_date_transfer,mergedschema,vertex-fepr,False,,,,,
asmt_prior_sale_val_transfer,mergedschema,vertex-fepr,False,,,,,
asmt_prior_sale_sale_code,mergedschema,vertex-fepr,False,,,,,
legal_full,mergedschema,vertex-fepr,False,,,,,
legal_1,mergedschema,vertex-fepr,False,,,,,
lot_code,mergedschema,vertex-fepr,False,,,,,
lot_number,mergedschema,vertex-fepr,False,,,,,
land_lot,mergedschema,vertex-fepr,False,,,,,
city_section,mergedschema,vertex-fepr,False,,,,,
district,mergedschema,vertex-fepr,False,,,,,
legal_unit,mergedschema,vertex-fepr,False,,,,,
zoning,mergedschema,vertex-fepr,False,,,,,
municipality,mergedschema,vertex-fepr,False,,,,,
subdivision,mergedschema,vertex-fepr,False,,,,,
phase_nbr,mergedschema,vertex-fepr,False,,,,,
tract_number,mergedschema,vertex-fepr,False,,,,,
legal_sec_twp_rng,mergedschema,vertex-fepr,False,,,,,
assr_map_ref,mergedschema,vertex-fepr,False,,,,,
lot_size_area,mergedschema,vertex-fepr,False,,,,,
lot_size_area_unit,mergedschema,vertex-fepr,False,,,,,
lot_size_area_orgn,mergedschema,vertex-fepr,False,,,,,
yr_blt,mergedschema,vertex-fepr,False,,,,,
bldg_number,mergedschema,vertex-fepr,False,,,,,
building_sqft,mergedschema,vertex-fepr,False,,,,,
stories_number,mergedschema,vertex-fepr,False,,,,,
stories_number_desc,mergedschema,vertex-fepr,False,,,,,
total_rooms,mergedschema,vertex-fepr,False,,,,,
units_number,mergedschema,vertex-fepr,False,,,,,
bedrooms,mergedschema,vertex-fepr,False,,,,,
total_baths,mergedschema,vertex-fepr,False,,,,,
total_baths_calculated,mergedschema,vertex-fepr,False,,,,,
partial_baths,mergedschema,vertex-fepr,False,,,,,
garage_carport_type,mergedschema,vertex-fepr,False,,,,,
garage_code_desc,mergedschema,vertex-fepr,False,,,,,
parking_spaces,mergedschema,vertex-fepr,False,,,,,
pool_indicator,mergedschema,vertex-fepr,False,,,,,
pool_indicator_desc,mergedschema,vertex-fepr,False,,,,,
val_mrkt_land,mergedschema,vertex-fepr,False,,,,,
val_mrkt_imprv,mergedschema,vertex-fepr,False,,,,,
val_market,mergedschema,vertex-fepr,False,,,,,
yr_mrkt_val,mergedschema,vertex-fepr,False,,,,,
buyer_name,mergedschema,vertex-fepr,False,,,,,
bldg_class,mergedschema,vertex-fepr,False,,,,,
bldg_class_desc,mergedschema,vertex-fepr,False,,,,,
style_type,mergedschema,vertex-fepr,False,,,,,
style_desc,mergedschema,vertex-fepr,False,,,,,
construction_code,mergedschema,vertex-fepr,False,,,,,
construction_code_desc,mergedschema,vertex-fepr,False,,,,,
exterior_wall_type,mergedschema,vertex-fepr,False,,,,,
exterior_wall_desc,mergedschema,vertex-fepr,False,,,,,
foundation_type,mergedschema,vertex-fepr,False,,,,,
foundation_type_desc,mergedschema,vertex-fepr,False,,,,,
roof_cover_type,mergedschema,vertex-fepr,False,,,,,
roof_cover_desc,mergedschema,vertex-fepr,False,,,,,
heating_type,mergedschema,vertex-fepr,False,,,,,
heating_desc,mergedschema,vertex-fepr,False,,,,,
air_conditioning,mergedschema,vertex-fepr,False,,,,,
air_conditioning_type_desc,mergedschema,vertex-fepr,False,,,,,
elect_avail_code,mergedschema,vertex-fepr,False,,,,,
elect_avail_code_desc,mergedschema,vertex-fepr,False,,,,,
fireplace_type,mergedschema,vertex-fepr,False,,,,,
bsmt_1_code,mergedschema,vertex-fepr,False,,,,,
basement_finish_desc,mergedschema,vertex-fepr,False,,,,,
acreage,mergedschema,vertex-fepr,False,,,,,
cal_acreage,mergedschema,vertex-fepr,False,,,,,
price_per_sqft,mergedschema,vertex-fepr,False,,,,,
price_per_acre,mergedschema,vertex-fepr,False,,,,,
land_per_sqft,mergedschema,vertex-fepr,False,,,,,
land_sqft,mergedschema,vertex-fepr,False,,,,,
cal_sqft,mergedschema,vertex-fepr,False,,,,,
imprv_pct,mergedschema,vertex-fepr,False,,,,,
imprv_per_sqft,mergedschema,vertex-fepr,False,,,,,
last_sale_date_transfer,mergedschema,vertex-fepr,False,,,,,
last_sale_doc_number,mergedschema,vertex-fepr,False,,,,,
last_sale_doc_type,mergedschema,vertex-fepr,False,,,,,
last_sale_doc_type_desc,mergedschema,vertex-fepr,False,,,,,
last_sale_sale_code,mergedschema,vertex-fepr,False,,,,,
last_sale_sale_code_desc,mergedschema,vertex-fepr,False,,,,,
last_sale_seller_name,mergedschema,vertex-fepr,False,,,,,
last_sale_seller_1_first_mid,mergedschema,vertex-fepr,False,,,,,
last_sale_seller_1_last,mergedschema,vertex-fepr,False,,,,,
last_sale_seller_1_code,mergedschema,vertex-fepr,False,,,,,
last_sale_seller_1_code_desc,mergedschema,vertex-fepr,False,,,,,
last_sale_seller_2_first_mid,mergedschema,vertex-fepr,False,,,,,
last_sale_seller_2_last,mergedschema,vertex-fepr,False,,,,,
last_sale_buyer_name,mergedschema,vertex-fepr,False,,,,,
last_sale_buyer_1_code,mergedschema,vertex-fepr,False,,,,,
last_sale_buyer_1_code_desc,mergedschema,vertex-fepr,False,,,,,
last_sale_buyer_1_first_mid,mergedschema,vertex-fepr,False,,,,,
last_sale_buyer_1_last,mergedschema,vertex-fepr,False,,,,,
ownership_status_code,mergedschema,vertex-fepr,False,,,,,
ownership_status_desc,mergedschema,vertex-fepr,False,,,,,
last_sale_buyer_2_first_mid,mergedschema,vertex-fepr,False,,,,,
last_sale_buyer_2_last,mergedschema,vertex-fepr,False,,,,,
last_sale_buyer_2_code,mergedschema,vertex-fepr,False,,,,,
last_sale_buyer_2_code_desc,mergedschema,vertex-fepr,False,,,,,
last_sale_owner_occupied,mergedschema,vertex-fepr,False,,,,,
last_sale_page,mergedschema,vertex-fepr,False,,,,,
last_sale_vesting_code,mergedschema,vertex-fepr,False,,,,,
last_sale_vesting_code_desc,mergedschema,vertex-fepr,False,,,,,
prior_market_sale_date_transfer,mergedschema,vertex-fepr,False,,,,,
prior_market_sale_val_transfer,mergedschema,vertex-fepr,False,,,,,
date_assr_tape_cut,mergedschema,vertex-fepr,False,,,,,
last_sale_val_transfer,mergedschema,vertex-fepr,False,,,,,
last_mrkt_sale_src_code,mergedschema,vertex-fepr,False,,,,,
last_sale_book,mergedschema,vertex-fepr,False,,,,,
date_transfer,mergedschema,vertex-fepr,False,,,,,
doc_type_lps,mergedschema,vertex-fepr,False,,,,,
doc_type_desc_lps,mergedschema,vertex-fepr,False,,,,,
val_transfer,mergedschema,vertex-fepr,False,,,,,
sale_code,mergedschema,vertex-fepr,False,,,,,
sale_code_desc,mergedschema,vertex-fepr,False,,,,,
mult_port_code,mergedschema,vertex-fepr,False,,,,,
seller_name,mergedschema,vertex-fepr,False,,,,,
last_market_sale_seller_name,mergedschema,vertex-fepr,False,,,,,
last_market_sale_seller_1_first_mid,mergedschema,vertex-fepr,False,,,,,
last_market_sale_seller_1_last,mergedschema,vertex-fepr,False,,,,,
last_market_sale_seller_1_code,mergedschema,vertex-fepr,False,,,,,
last_market_sale_seller_1_code_desc,mergedschema,vertex-fepr,False,,,,,
last_market_sale_seller_2_first_mid,mergedschema,vertex-fepr,False,,,,,
last_market_sale_seller_2_last,mergedschema,vertex-fepr,False,,,,,
last_market_sale_buyer_name,mergedschema,vertex-fepr,False,,,,,
last_market_sale_buyer_1_first_mid,mergedschema,vertex-fepr,False,,,,,
last_market_sale_buyer_1_last,mergedschema,vertex-fepr,False,,,,,
last_market_sale_book,mergedschema,vertex-fepr,False,,,,,
last_market_sale_buyer_1_code,mergedschema,vertex-fepr,False,,,,,
last_market_sale_buyer_1_code_desc,mergedschema,vertex-fepr,False,,,,,
last_market_sale_buyer_2_first_mid,mergedschema,vertex-fepr,False,,,,,
last_market_sale_buyer_2_last,mergedschema,vertex-fepr,False,,,,,
last_market_sale_buyer_2_code,mergedschema,vertex-fepr,False,,,,,
last_market_sale_buyer_2_code_desc,mergedschema,vertex-fepr,False,,,,,
last_market_sale_rcdrs_map_ref,mergedschema,vertex-fepr,False,,,,,
last_market_sale_page,mergedschema,vertex-fepr,False,,,,,
last_market_sale_loan_due_date,mergedschema,vertex-fepr,False,,,,,
doc_number,mergedschema,vertex-fepr,False,,,,,
doc_number_noval,mergedschema,vertex-fepr,False,,,,,
td_doc_number_1,mergedschema,vertex-fepr,False,,,,,
lender_code_1,mergedschema,vertex-fepr,False,,,,,
lender_code_1_desc,mergedschema,vertex-fepr,False,,,,,
title_company_name,mergedschema,vertex-fepr,False,,,,,
lndr_first_name_1,mergedschema,vertex-fepr,False,,,,,
company_flag,mergedschema,vertex-fepr,False,,,,,
associate_property_count,mergedschema,vertex-fepr,False,,,,,
loan_value_1,mergedschema,vertex-fepr,False,,,,,
loan_value_2,mergedschema,vertex-fepr,False,,,,,
loan_type_1,mergedschema,vertex-fepr,False,,,,,
loan_type_1_desc,mergedschema,vertex-fepr,False,,,,,
int_rate_type_1,mergedschema,vertex-fepr,False,,,,,
int_rate_1_desc,mergedschema,vertex-fepr,False,,,,,
int_rate_1,mergedschema,vertex-fepr,False,,,,,
loan_due_date_1,mergedschema,vertex-fepr,False,,,,,
last_market_sale_buyer_vesting_code,mergedschema,vertex-fepr,False,,,,,
last_market_sale_buyer_vesting_code_desc,mergedschema,vertex-fepr,False,,,,,
tran_type,mergedschema,vertex-fepr,False,,,,,
tran_type_desc,mergedschema,vertex-fepr,False,,,,,
prior_market_sale_source,mergedschema,vertex-fepr,False,,,,,
prior_market_sale_book,mergedschema,vertex-fepr,False,,,,,
prior_market_sale_doc_number,mergedschema,vertex-fepr,False,,,,,
prior_market_sale_doc_type,mergedschema,vertex-fepr,False,,,,,
prior_market_sale_doc_type_desc,mergedschema,vertex-fepr,False,,,,,
prior_sale_date_transfer,mergedschema,vertex-fepr,False,,,,,
prior_sale_doc_type,mergedschema,vertex-fepr,False,,,,,
prior_sale_doc_type_desc,mergedschema,vertex-fepr,False,,,,,
prior_sale_doc_number,mergedschema,vertex-fepr,False,,,,,
last_market_sale_source,mergedschema,vertex-fepr,False,,,,,
prior_sale_book,mergedschema,vertex-fepr,False,,,,,
prior_market_sale_lndr_name,mergedschema,vertex-fepr,False,,,,,
prior_sale_page,mergedschema,vertex-fepr,False,,,,,
prior_market_sale_loan_due_date,mergedschema,vertex-fepr,False,,,,,
prior_sale_val_transfer,mergedschema,vertex-fepr,False,,,,,
prior_sale_sale_code,mergedschema,vertex-fepr,False,,,,,
prior_sale_sale_code_desc,mergedschema,vertex-fepr,False,,,,,
prior_market_sale_seller_1_first_mid,mergedschema,vertex-fepr,False,,,,,
prior_market_sale_seller_1_last,mergedschema,vertex-fepr,False,,,,,
prior_market_sale_seller_1_code,mergedschema,vertex-fepr,False,,,,,
prior_market_sale_seller_1_code_desc,mergedschema,vertex-fepr,False,,,,,
prior_market_sale_seller_2_first_mid,mergedschema,vertex-fepr,False,,,,,
prior_market_sale_seller_2_last,mergedschema,vertex-fepr,False,,,,,
prior_market_sale_buyer_1_first_mid,mergedschema,vertex-fepr,False,,,,,
prior_market_sale_buyer_1_last,mergedschema,vertex-fepr,False,,,,,
prior_market_sale_buyer_1_code,mergedschema,vertex-fepr,False,,,,,
prior_market_sale_buyer_1_code_desc,mergedschema,vertex-fepr,False,,,,,
prior_market_sale_buyer_2_first_mid,mergedschema,vertex-fepr,False,,,,,
prior_market_sale_buyer_2_last,mergedschema,vertex-fepr,False,,,,,
prior_market_sale_buyer_2_code,mergedschema,vertex-fepr,False,,,,,
prior_market_sale_buyer_2_code_desc,mergedschema,vertex-fepr,False,,,,,
prior_market_sale_page,mergedschema,vertex-fepr,False,,,,,
prior_market_sale_rcdrs_map_ref,mergedschema,vertex-fepr,False,,,,,
no_val_date_transfer,mergedschema,vertex-fepr,False,,,,,
date_noval_transfer,mergedschema,vertex-fepr,False,,,,,
doc_type_noval,mergedschema,vertex-fepr,False,,,,,
book_noval_transfer,mergedschema,vertex-fepr,False,,,,,
doc_type_noval_desc,mergedschema,vertex-fepr,False,,,,,
page_noval_transfer,mergedschema,vertex-fepr,False,,,,,
assessee_owner_1_indicator,mergedschema,vertex-fepr,False,,,,,
assessee_owner_2_indicator,mergedschema,vertex-fepr,False,,,,,
asmt_mail_care_of_name_indicator,mergedschema,vertex-fepr,False,,,,,
assessee_owner_1_name_type,mergedschema,vertex-fepr,False,,,,,
assessee_owner_2_name_type,mergedschema,vertex-fepr,False,,,,,
asmt_mail_care_of_name_type,mergedschema,vertex-fepr,False,,,,,
date_cert,mergedschema,vertex-fepr,False,,,,,
assr_sqft,mergedschema,vertex-fepr,False,,,,,
yr_blt_effect,mergedschema,vertex-fepr,False,,,,,
assr_acreage,mergedschema,vertex-fepr,False,,,,,
topography,mergedschema,vertex-fepr,False,,,,,
topography_desc,mergedschema,vertex-fepr,False,,,,,
lot_width,mergedschema,vertex-fepr,False,,,,,
lot_depth,mergedschema,vertex-fepr,False,,,,,
cbsa_code,mergedschema,vertex-fepr,False,,,,,
avm_value,mergedschema,vertex-fepr,False,,,,,
property_id,mergedschema,vertex-fepr,False,,,,,
location_id,mergedschema,vertex-fepr,False,,,,,
address_id,mergedschema,vertex-fepr,False,,,,,
property_dmp_id,mergedschema,vertex-fepr,False,,,,,
parcel_dmp_id,mergedschema,vertex-fepr,False,,,,,
dpc,mergedschema,vertex-fepr,False,,,,,
z4type,mergedschema,vertex-fepr,False,,,,,
dpv,mergedschema,vertex-fepr,False,,,,,
muniname,mergedschema,vertex-fepr,False,,,,,
valcalc,mergedschema,vertex-fepr,False,,,,,
valcalcind,mergedschema,vertex-fepr,False,,,,,
landvalcalcind,mergedschema,vertex-fepr,False,,,,,
impvalcalcind,mergedschema,vertex-fepr,False,,,,,
appraisedval,mergedschema,vertex-fepr,False,,,,,
appraisedlandval,mergedschema,vertex-fepr,False,,,,,
appraisedimpval,mergedschema,vertex-fepr,False,,,,,
prop_view,mergedschema,vertex-fepr,False,,,,,
energy,mergedschema,vertex-fepr,False,,,,,
fuel,mergedschema,vertex-fepr,False,,,,,
sewer,mergedschema,vertex-fepr,False,,,,,
water,mergedschema,vertex-fepr,False,,,,,
qlty,mergedschema,vertex-fepr,False,,,,,
cond,mergedschema,vertex-fepr,False,,,,,
bldgcd,mergedschema,vertex-fepr,False,,,,,
bldgimpcd,mergedschema,vertex-fepr,False,,,,,
flr,mergedschema,vertex-fepr,False,,False,flr,mergedschema,vertex-fepr
frame,mergedschema,vertex-fepr,False,,,,,
livingsqft,mergedschema,vertex-fepr,False,,,,,
grdflrsqft,mergedschema,vertex-fepr,False,,,,,
grosssqft,mergedschema,vertex-fepr,False,,,,,
adjgrosssqft,mergedschema,vertex-fepr,False,,,,,
bsmtsqft,mergedschema,vertex-fepr,False,,False,bsmtsqft,mergedschema,vertex-fepr
prkgsqft,mergedschema,vertex-fepr,False,,,,,
fullbaths,mergedschema,vertex-fepr,False,,,,,
prop_1qtrbaths,mergedschema,vertex-fepr,False,,,,,
prop_3qtrbaths,mergedschema,vertex-fepr,False,,,,,
bathfixs,mergedschema,vertex-fepr,False,,,,,
frplnbr,mergedschema,vertex-fepr,False,,,,,
frpltype,mergedschema,vertex-fepr,False,,,,,
poolcd,mergedschema,vertex-fepr,False,,,,,
pid,mergedschema,vertex-fepr,False,,,,,
pid2,mergedschema,vertex-fepr,False,,,,,
addrid,mergedschema,vertex-fepr,False,,,,,
addrid2,mergedschema,vertex-fepr,False,,,,,
hhid,mergedschema,vertex-fepr,False,,,,,
hhid2,mergedschema,vertex-fepr,False,,,,,
id,rightschema,vertex-9p8g,False,,,,,
pid,rightschema,vertex-9p8g,False,,,,,
pid2,rightschema,vertex-9p8g,False,,,,,
fname,rightschema,vertex-9p8g,False,,False,owner_name_1,mergedschema,vertex-fepr
mname,rightschema,vertex-9p8g,False,,False,owner_name_1,mergedschema,vertex-fepr
lname,rightschema,vertex-9p8g,False,,False,owner_name_1,mergedschema,vertex-fepr
suffix,rightschema,vertex-9p8g,False,,,,,
fname2,rightschema,vertex-9p8g,False,,False,owner_name_2,mergedschema,vertex-fepr
mname2,rightschema,vertex-9p8g,False,,False,owner_name_2,mergedschema,vertex-fepr
lname2,rightschema,vertex-9p8g,False,,False,owner_name_2,mergedschema,vertex-fepr
suffix2,rightschema,vertex-9p8g,False,,,,,
busname,rightschema,vertex-9p8g,False,,,,,
rectype,rightschema,vertex-9p8g,False,,,,,
phone,rightschema,vertex-9p8g,False,,,,,
phone2,rightschema,vertex-9p8g,False,,,,,
house,rightschema,vertex-9p8g,False,,,,,
predir,rightschema,vertex-9p8g,False,,,,,
street,rightschema,vertex-9p8g,False,,,,,
strtype,rightschema,vertex-9p8g,False,,,,,
postdir,rightschema,vertex-9p8g,False,,,,,
apttype,rightschema,vertex-9p8g,False,,,,,
aptnbr,rightschema,vertex-9p8g,False,,,,,
city,rightschema,vertex-9p8g,False,,,,,
state,rightschema,vertex-9p8g,False,,,,,
zip,rightschema,vertex-9p8g,False,,,,,
z4,rightschema,vertex-9p8g,False,,,,,
dpc,rightschema,vertex-9p8g,False,,,,,
crte,rightschema,vertex-9p8g,False,,,,,
cntycd,rightschema,vertex-9p8g,False,,,,,
z4type,rightschema,vertex-9p8g,False,,,,,
dpv,rightschema,vertex-9p8g,False,,,,,
vacant,rightschema,vertex-9p8g,False,,,,,
house2,rightschema,vertex-9p8g,False,,,,,
predir2,rightschema,vertex-9p8g,False,,,,,
street2,rightschema,vertex-9p8g,False,,,,,
strtype2,rightschema,vertex-9p8g,False,,,,,
postdir2,rightschema,vertex-9p8g,False,,,,,
apttype2,rightschema,vertex-9p8g,False,,,,,
aptnbr2,rightschema,vertex-9p8g,False,,,,,
city2,rightschema,vertex-9p8g,False,,,,,
state2,rightschema,vertex-9p8g,False,,,,,
zip2,rightschema,vertex-9p8g,False,,,,,
z42,rightschema,vertex-9p8g,False,,,,,
dpc2,rightschema,vertex-9p8g,False,,,,,
crte2,rightschema,vertex-9p8g,False,,,,,
cntycd2,rightschema,vertex-9p8g,False,,,,,
z4type2,rightschema,vertex-9p8g,False,,,,,
dpv2,rightschema,vertex-9p8g,False,,,,,
vacant2,rightschema,vertex-9p8g,False,,,,,
prop_fipscd,rightschema,vertex-9p8g,False,,False,fips_code,mergedschema,vertex-fepr
prop_censustract,rightschema,vertex-9p8g,False,,,,,
prop_muniname,rightschema,vertex-9p8g,False,,,,,
prop_townshipcd,rightschema,vertex-9p8g,False,,False,township,mergedschema,vertex-fepr
prop_subdivision,rightschema,vertex-9p8g,False,,,,,
prop_zoning,rightschema,vertex-9p8g,False,,,,,
prop_range,rightschema,vertex-9p8g,False,,,,,
prop_section,rightschema,vertex-9p8g,False,,,,,
prop_latitude,rightschema,vertex-9p8g,False,,,,,
prop_longitude,rightschema,vertex-9p8g,False,,,,,
prop_landuse,rightschema,vertex-9p8g,False,,,,,
prop_apn,rightschema,vertex-9p8g,False,,False,parcel_apn,mergedschema,vertex-fepr
prop_apn,rightschema,vertex-9p8g,False,,False,prop_apn,rightschema,vertex-9p8g
prop_apn,rightschema,vertex-9p8g,False,,False,prop_apn,rightschema,vertex-9p8g
prop_apn,rightschema,vertex-9p8g,False,,False,prop_apn,rightschema,vertex-9p8g
prop_apn,rightschema,vertex-9p8g,False,,False,prop_apn,rightschema,vertex-9p8g
prop_apn,rightschema,vertex-9p8g,False,,False,prop_apn,rightschema,vertex-9p8g
prop_apn,rightschema,vertex-9p8g,False,,False,prop_apn,rightschema,vertex-9p8g
prop_apnseqnbr,rightschema,vertex-9p8g,False,,,,,
prop_ownerocc,rightschema,vertex-9p8g,False,,,,,
prop_addrind,rightschema,vertex-9p8g,False,,,,,
prop_corpind,rightschema,vertex-9p8g,False,,,,,
prop_rescd,rightschema,vertex-9p8g,False,,,,,
prop_ind,rightschema,vertex-9p8g,False,,,,,
prop_mobhome,rightschema,vertex-9p8g,False,,,,,
prop_nrbbld,rightschema,vertex-9p8g,False,,,,,
prop_style,rightschema,vertex-9p8g,False,,,,,
prop_storiescd,rightschema,vertex-9p8g,False,,,,,
prop_storiesnbr,rightschema,vertex-9p8g,False,,,,,
prop_aptnbr,rightschema,vertex-9p8g,False,,,,,
prop_qlty,rightschema,vertex-9p8g,False,,,,,
prop_bldgcd,rightschema,vertex-9p8g,False,,,,,
prop_bldgimpcd,rightschema,vertex-9p8g,False,,,,,
prop_cond,rightschema,vertex-9p8g,False,,,,,
prop_cnstrtype,rightschema,vertex-9p8g,False,,,,,
prop_extnw,rightschema,vertex-9p8g,False,,,,,
prop_valcalc,rightschema,vertex-9p8g,False,,,,,
prop_val_calcind,rightschema,vertex-9p8g,False,,,,,
prop_land_valcalc,rightschema,vertex-9p8g,False,,,,,
prop_land_valcalc_ind,rightschema,vertex-9p8g,False,,,,,
prop_imp_valcalc,rightschema,vertex-9p8g,False,,,,,
prop_imp_valcalc_ind,rightschema,vertex-9p8g,False,,,,,
prop_assed_val,rightschema,vertex-9p8g,False,,,,,
prop_assed_landval,rightschema,vertex-9p8g,False,,,,,
prop_assed_impval,rightschema,vertex-9p8g,False,,,,,
prop_mrktval,rightschema,vertex-9p8g,False,,,,,
prop_mrkt_landval,rightschema,vertex-9p8g,False,,,,,
prop_mrkt_impval,rightschema,vertex-9p8g,False,,,,,
prop_appraised_val,rightschema,vertex-9p8g,False,,,,,
prop_appraised_landval,rightschema,vertex-9p8g,False,,,,,
prop_appraised_impval,rightschema,vertex-9p8g,False,,,,,
prop_yrbld,rightschema,vertex-9p8g,False,,,,,
prop_effyrbld,rightschema,vertex-9p8g,False,,,,,
prop_view,rightschema,vertex-9p8g,False,,,,,
prop_lctn_infl,rightschema,vertex-9p8g,False,,,,,
prop_frontft,rightschema,vertex-9p8g,False,,,,,
prop_depthft,rightschema,vertex-9p8g,False,,,,,
prop_acres,rightschema,vertex-9p8g,False,,,,,
prop_landsqft,rightschema,vertex-9p8g,False,,,,,
prop_unvbldsqft,rightschema,vertex-9p8g,False,,,,,
prop_bldsqftind,rightschema,vertex-9p8g,False,,,,,
prop_bldsqft,rightschema,vertex-9p8g,False,,,,,
prop_livingsqft,rightschema,vertex-9p8g,False,,,,,
prop_grdflrsqft,rightschema,vertex-9p8g,False,,,,,
prop_grosssqft,rightschema,vertex-9p8g,False,,,,,
prop_adjgrosssqft,rightschema,vertex-9p8g,False,,,,,
prop_bsmtsqft,rightschema,vertex-9p8g,False,,False,bsmtsqft,mergedschema,vertex-fepr
prop_prkgsqft,rightschema,vertex-9p8g,False,,,,,
prop_rms,rightschema,vertex-9p8g,False,,,,,
prop_bedrms,rightschema,vertex-9p8g,False,,,,,
prop_bathscalc,rightschema,vertex-9p8g,False,,,,,
prop_baths,rightschema,vertex-9p8g,False,,,,,
prop_fullbaths,rightschema,vertex-9p8g,False,,,,,
prop_halfbaths,rightschema,vertex-9p8g,False,,,,,
prop_1qtrbaths,rightschema,vertex-9p8g,False,,,,,
prop_3qtrbaths,rightschema,vertex-9p8g,False,,,,,
prop_bathfixs,rightschema,vertex-9p8g,False,,,,,
prop_ac,rightschema,vertex-9p8g,False,,,,,
prop_bsmtf,rightschema,vertex-9p8g,False,,,,,
prop_frpl,rightschema,vertex-9p8g,False,,,,,
prop_frplnbr,rightschema,vertex-9p8g,False,,,,,
prop_frpltype,rightschema,vertex-9p8g,False,,,,,
prop_fnd,rightschema,vertex-9p8g,False,,,,,
prop_flr,rightschema,vertex-9p8g,False,,False,flr,mergedschema,vertex-fepr
prop_frame,rightschema,vertex-9p8g,False,,,,,
prop_gar,rightschema,vertex-9p8g,False,,,,,
prop_heat,rightschema,vertex-9p8g,False,,,,,
prop_prkgspaces,rightschema,vertex-9p8g,False,,,,,
prop_prkgtype,rightschema,vertex-9p8g,False,,,,,
prop_pool,rightschema,vertex-9p8g,False,,,,,
prop_poolcd,rightschema,vertex-9p8g,False,,,,,
prop_roofcover,rightschema,vertex-9p8g,False,,,,,
prop_rooftype,rightschema,vertex-9p8g,False,,,,,
prop_energy,rightschema,vertex-9p8g,False,,,,,
prop_fuel,rightschema,vertex-9p8g,False,,,,,
prop_sewer,rightschema,vertex-9p8g,False,,,,,
prop_water,rightschema,vertex-9p8g,False,,,,,
prop_homestead,rightschema,vertex-9p8g,False,,,,,
prop_xmtvet,rightschema,vertex-9p8g,False,,,,,
prop_xmt_disabled,rightschema,vertex-9p8g,False,,,,,
prop_taxamt,rightschema,vertex-9p8g,False,,,,,
prop_taxyr,rightschema,vertex-9p8g,False,,,,,
prop_docyr,rightschema,vertex-9p8g,False,,,,,
prop_salesdeedcd,rightschema,vertex-9p8g,False,,,,,
prop_recdate,rightschema,vertex-9p8g,False,,,,,
prop_sellername,rightschema,vertex-9p8g,False,,,,,
prop_saledate,rightschema,vertex-9p8g,False,,,,,
prop_saleamt,rightschema,vertex-9p8g,False,,,,,
prop_salecd,rightschema,vertex-9p8g,False,,,,,
prop_apncd,rightschema,vertex-9p8g,False,,,,,
prop_apncnt,rightschema,vertex-9p8g,False,,,,,
prop_asmtyr,rightschema,vertex-9p8g,False,,,,,
prop_salestranscd,rightschema,vertex-9p8g,False,,,,,
prop_recdate_prior,rightschema,vertex-9p8g,False,,,,,
prop_saledate_prior,rightschema,vertex-9p8g,False,,,,,
prop_saleamt_prior,rightschema,vertex-9p8g,False,,,,,
prop_salecd_prior,rightschema,vertex-9p8g,False,,,,,
prop_apncd_prior,rightschema,vertex-9p8g,False,,,,,
prop_deedcd_prior,rightschema,vertex-9p8g,False,,,,,
prop_docyr_prior,rightschema,vertex-9p8g,False,,,,,
prop_deedtype_prior,rightschema,vertex-9p8g,False,,,,,
prop_salestranscd_prior,rightschema,vertex-9p8g,False,,,,,
prop_mtgamt_prior,rightschema,vertex-9p8g,False,,,,,
internal,rightschema,vertex-9p8g,False,,,,,
prop_ownercd,rightschema,vertex-9p8g,False,,,,,
prop_sellcarryback,rightschema,vertex-9p8g,False,,,,,
prop_tittlecompany,rightschema,vertex-9p8g,False,,,,,
prop_loantoval,rightschema,vertex-9p8g,False,,,,,
prop_mtgamt,rightschema,vertex-9p8g,False,,,,,
prop_mtgdate,rightschema,vertex-9p8g,False,,,,,
prop_mtgloancd,rightschema,vertex-9p8g,False,,,,,
prop_mtgdeedcd,rightschema,vertex-9p8g,False,,,,,
prop_mtgterm,rightschema,vertex-9p8g,False,,,,,
prop_mtgduedate,rightschema,vertex-9p8g,False,,,,,
prop_mtgassumptionamt,rightschema,vertex-9p8g,False,,,,,
prop_lendername,rightschema,vertex-9p8g,False,,,,,
prop_mtgreficd,rightschema,vertex-9p8g,False,,,,,
prop_rmsequitycd,rightschema,vertex-9p8g,False,,,,,
prop_mtgintrate,rightschema,vertex-9p8g,False,,,,,
prop_mtgintratetype,rightschema,vertex-9p8g,False,,,,,
prop_mtgamt2,rightschema,vertex-9p8g,False,,,,,
prop_mtgdate2,rightschema,vertex-9p8g,False,,,,,
prop_mtgloancd2,rightschema,vertex-9p8g,False,,,,,
prop_mtgdeedcd2,rightschema,vertex-9p8g,False,,,,,
prop_mtgterm2,rightschema,vertex-9p8g,False,,,,,
prop_mtgduedate2,rightschema,vertex-9p8g,False,,,,,
prop_mtgassumptionamt2,rightschema,vertex-9p8g,False,,,,,
prop_lendername2,rightschema,vertex-9p8g,False,,,,,
prop_mtgreficd2,rightschema,vertex-9p8g,False,,,,,
prop_rmsequitycd2,rightschema,vertex-9p8g,False,,,,,
prop_mtgintrate2,rightschema,vertex-9p8g,False,,,,,
prop_mtgintratetype2,rightschema,vertex-9p8g,False,,,,,
prop_mtgamt3,rightschema,vertex-9p8g,False,,,,,
prop_mtgdate3,rightschema,vertex-9p8g,False,,,,,
prop_mtgloancd3,rightschema,vertex-9p8g,False,,,,,
prop_mtgdeedcd3,rightschema,vertex-9p8g,False,,,,,
prop_mtgterm3,rightschema,vertex-9p8g,False,,,,,
prop_mtgduedate3,rightschema,vertex-9p8g,False,,,,,
prop_mtgassumptionamt3,rightschema,vertex-9p8g,False,,,,,
prop_lendername3,rightschema,vertex-9p8g,False,,,,,
prop_mtgreficd3,rightschema,vertex-9p8g,False,,,,,
prop_rmsequitycd3,rightschema,vertex-9p8g,False,,,,,
prop_mtgintrate3,rightschema,vertex-9p8g,False,,,,,
prop_mtgintratetype3,rightschema,vertex-9p8g,False,,,,,
prop_input_address,rightschema,vertex-9p8g,False,,,,,
prop_input_city,rightschema,vertex-9p8g,False,,,,,
prop_input_state,rightschema,vertex-9p8g,False,,,,,
prop_input_zip,rightschema,vertex-9p8g,False,,,,,
addrid,rightschema,vertex-9p8g,False,,,,,
addrid2,rightschema,vertex-9p8g,False,,,,,
hhid,rightschema,vertex-9p8g,False,,,,,
hhid2,rightschema,vertex-9p8g,False,,,,,
odate,rightschema,vertex-9p8g,False,,,,,
internal2,rightschema,vertex-9p8g,False,,,,,
internal3,rightschema,vertex-9p8g,False,,,,,
internal4,rightschema,vertex-9p8g,False,,,,,